Timestamp,"Informed Consent 
I am conducting a research on understanding the relationship between social media usage, content consumption preferences, social-media self representation and self esteem. I am investigating this to see whether social media usage and content preferences mediate the relationship between social-media self representation and self esteem of people. The findings of this research study may contribute to a better understanding of the impact of social media on mental health. 

If you choose to participate in the same, you will be asked to complete this online questionnaire that will take approximately 10 minutes. All questions will be multiple-choice and Likert-type scale. The risks associated with participating in this study are minimal. Some questions may be personal and sensitive in nature, which could cause mild discomfort. However, your responses will be kept confidential, and your participation is voluntary. If you experience any discomfort or wish to withdraw from the study, you may do so at any time.

Taking part in this project is entirely up to you, and no one will hold it against you if you decide not to do it. If you do take part, you may stop at any time without penalty. If you want to know more about this research project, please contact me at snehdeep2000@gmail.com, thank you!
 
 ",D1,D2,D3,SM1,SM2,SM3,SMSP1,SMSP2,SMSP3,SMSP4,SMSP5,SMSP6,SMSP7,SMSP8,SMSP9,SMSP10,SMSP11,SMSP12,SMSP13,SMSP14,SMSP15,SMSP16,SMSP17,SE1,SE2,SE3,SE4,SE5,SE6,SE7,SE8,SE9,SE10
10/2/2024 13:42,I Consent,45-54,Female,Master's Degree,Multiple times a day,Facebook,"Text posts, Images, Videos",Disagree,Disagree,Agree,Disagree,Disagree,Disagree,Disagree,Disagree,Disagree,Disagree,Disagree,Disagree,Disagree,Agree,Disagree,Agree,Agree,Agree,Somewhat Agree,Agree,Somewhat Agree,Somewhat Agree,Agree,Agree,Agree,Agree,Agree
10/2/2024 14:17,I Consent,45-54,Male,Master's Degree,Once a day,"Instagram, Twitter, LinkedIn","Text posts, Images, Videos, News articles",Neutral,Neutral,Neutral,Neutral,Neutral,Neutral,Neutral,Neutral,Neutral,Neutral,Neutral,Neutral,Neutral,Neutral,Neutral,Neutral,Neutral,Somewhat Disagree,Somewhat Disagree,Somewhat Agree,Agree,Agree,Agree,Agree,Strongly Agree,Strongly Agree,Agree
10/2/2024 18:43,I Consent,45-54,Female,Master's Degree,Multiple times a day,"Facebook, Instagram, Pinterest","Images, Videos, Memes",Disagree,Agree,Strongly Agree,Strongly Disagree,Strongly Disagree,Strongly Disagree,Strongly Disagree,Strongly Disagree,Strongly Disagree,Strongly Disagree,Strongly Disagree,Strongly Disagree,Agree,Strongly Agree,Strongly Disagree,Strongly Agree,Strongly Agree,Strongly Agree,Somewhat Agree,Agree,Agree,Agree,Agree,Agree,Strongly Agree,Strongly Agree,Strongly Agree
12/2/2024 23:53,I Consent,18-24,Female,Master's Degree,Multiple times a day,"Facebook, Instagram, LinkedIn, Pinterest","Text posts, Videos, Memes",Agree,Agree,Neutral,Disagree,Neutral,Disagree,Disagree,Agree,Neutral,Disagree,Disagree,Disagree,Agree,Neutral,Disagree,Agree,Neutral,Somewhat Disagree,Somewhat Agree,Strongly Agree,Agree,Agree,Agree,Strongly Agree,Agree,Somewhat Agree,Somewhat Agree
14/02/2024 13:05:28,I Consent,25-34,Male,Master's Degree,Multiple times a day,"Facebook, LinkedIn","Videos, News articles",Neutral,Neutral,Neutral,Neutral,Disagree,Disagree,Agree,Neutral,Disagree,Disagree,Disagree,Disagree,Agree,Agree,Disagree,Agree,Agree,Agree,Strongly Agree,Agree,Agree,Agree,Agree,Somewhat Agree,Agree,Agree,Agree
14/02/2024 13:30:54,I Consent,25-34,Male,Master's Degree,Once a day,Instagram,"Text posts, Images, Videos, Memes",Neutral,Agree,Neutral,Agree,Disagree,Neutral,Disagree,Neutral,Disagree,Disagree,Disagree,Disagree,Agree,Neutral,Disagree,Neutral,Neutral,Somewhat Agree,Somewhat Agree,Agree,Somewhat Agree,Somewhat Agree,Agree,Strongly Agree,Strongly Agree,Agree,Agree
14/02/2024 22:40:08,I Consent,25-34,Female,Bachelor's Degree,Multiple times a day,Instagram,Memes,Neutral,Strongly Disagree,Strongly Agree,Neutral,Strongly Disagree,Strongly Disagree,Strongly Disagree,Strongly Disagree,Strongly Disagree,Strongly Disagree,Strongly Disagree,Strongly Disagree,Strongly Agree,Strongly Disagree,Strongly Disagree,Strongly Agree,Neutral,Strongly Agree,Strongly Agree,Strongly Agree,Agree,Strongly Agree,Disagree,Agree,Strongly Agree,Strongly Agree,Strongly Agree
15/02/2024 14:53:54,I Consent,25-34,Female,Bachelor's Degree,Multiple times a day,"Facebook, Instagram, Twitter, LinkedIn","Images, Videos, Memes",Neutral,Agree,Agree,Disagree,Disagree,Disagree,Disagree,Disagree,Disagree,Disagree,Disagree,Disagree,Disagree,Disagree,Disagree,Disagree,Disagree,Agree,Agree,Agree,Agree,Agree,Agree,Agree,Agree,Agree,Agree
15/02/2024 20:07:45,I Consent,25-34,Male,Master's Degree,Once a day,"Facebook, Instagram, LinkedIn","Text posts, Images, Videos, Memes",Strongly Disagree,Strongly Disagree,Strongly Agree,Strongly Disagree,Strongly Disagree,Strongly Disagree,Strongly Disagree,Strongly Disagree,Strongly Disagree,Strongly Disagree,Strongly Disagree,Strongly Disagree,Strongly Disagree,Strongly Disagree,Neutral,Neutral,Strongly Agree,Strongly Agree,Agree,Agree,Agree,Strongly Agree,Agree,Strongly Agree,Strongly Agree,Strongly Agree,Strongly Agree
15/02/2024 22:46:53,I Consent,45-54,Female,Master's Degree,Multiple times a day,"Facebook, Instagram, Pinterest, ","Text posts, Images, Videos",Neutral,Disagree,Agree,Neutral,Agree,Disagree,Disagree,Disagree,Agree,Strongly Disagree,Neutral,Disagree,Neutral,Agree,Agree,Agree,Disagree,Agree,Disagree,Agree,Agree,Agree,Agree,Agree,Disagree,Agree,Agree
15/02/2024 22:47:59,I Consent,Under 18,Female,High School,Multiple times a day,"Instagram, Snapchat",Text posts,Neutral,Agree,Neutral,Agree,Neutral,Neutral,Neutral,Neutral,Agree,Agree,Neutral,Neutral,Neutral,Neutral,Neutral,Neutral,Neutral,Somewhat Agree,Somewhat Agree,Somewhat Agree,Somewhat Disagree,Agree,Somewhat Agree,Agree,Agree,Somewhat Agree,Disagree
15/02/2024 23:07:59,I Consent,35-44,Female,Master's Degree,Multiple times a day,Instagram,"Images, Videos",Agree,Strongly Disagree,Strongly Agree,Disagree,Disagree,Disagree,Strongly Disagree,Disagree,Disagree,Disagree,Neutral,Disagree,Strongly Disagree,Disagree,Neutral,Disagree,Disagree,Agree,Agree,Agree,Disagree,Agree,Agree,Agree,Agree,Disagree,Agree
18/02/2024 15:48:49,I Consent,25-34,Male,Bachelor's Degree,Multiple times a day,"Instagram, Snapchat","Videos, Memes",Strongly Disagree,Strongly Disagree,Strongly Disagree,Strongly Disagree,Strongly Disagree,Strongly Disagree,Strongly Disagree,Strongly Disagree,Strongly Disagree,Strongly Disagree,Strongly Disagree,Strongly Disagree,Strongly Disagree,Strongly Disagree,Strongly Disagree,Neutral,Strongly Agree,Strongly Agree,Strongly Agree,Strongly Agree,Strongly Agree,Strongly Agree,Strongly Disagree,Strongly Agree,Strongly Agree,Strongly Agree,Strongly Agree
18/02/2024 16:16:27,I Consent,18-24,Male,Bachelor's Degree,Multiple times a day,"Instagram, WhatsApp, discord, Reddit","Text posts, Images, Videos, News articles, Memes",Agree,Disagree,Neutral,Disagree,Strongly Disagree,Neutral,Disagree,Strongly Disagree,Disagree,Strongly Disagree,Strongly Disagree,Strongly Disagree,Disagree,Strongly Disagree,Agree,Neutral,Agree,Agree,Agree,Agree,Somewhat Agree,Somewhat Agree,Agree,Agree,Somewhat Agree,Agree,Agree
19/02/2024 14:07:34,I Consent,45-54,Female,Master's Degree,Multiple times a day,"Facebook, Instagram, Pinterest","Text posts, Images, Videos, News articles, Live streams",Neutral,Neutral,Neutral,Neutral,Neutral,Strongly Disagree,Neutral,Disagree,Disagree,Strongly Disagree,Neutral,Strongly Disagree,Neutral,Neutral,Neutral,Neutral,Neutral,Agree,Somewhat Agree,Somewhat Agree,Agree,Somewhat Agree,Somewhat Agree,Agree,Agree,Agree,Strongly Agree
19/02/2024 14:19:04,I Consent,18-24,Female,Bachelor's Degree,Multiple times a day,Instagram,"Text posts, Images, Videos, Memes",Neutral,Neutral,Neutral,Neutral,Neutral,Strongly Disagree,Strongly Disagree,Strongly Disagree,Strongly Disagree,Strongly Disagree,Strongly Disagree,Strongly Disagree,Agree,Strongly Disagree,Neutral,Strongly Agree,Neutral,Strongly Agree,Strongly Agree,Strongly Agree,Agree,Agree,Strongly Agree,Strongly Agree,Strongly Agree,Agree,Strongly Agree
19/02/2024 17:25:31,I Consent,45-54,Female,Master's Degree,Multiple times a day,"Instagram, Twitter, LinkedIn, Pinterest","Text posts, Images, Videos, News articles",Strongly Disagree,Strongly Disagree,Strongly Disagree,Strongly Disagree,Strongly Disagree,Strongly Disagree,Neutral,Strongly Disagree,Strongly Disagree,Strongly Disagree,Strongly Disagree,Strongly Disagree,Neutral,Neutral,Neutral,Neutral,Neutral,Strongly Agree,Somewhat Disagree,Somewhat Agree,Agree,Somewhat Agree,Agree,Agree,Somewhat Agree,Agree,Strongly Agree
19/02/2024 17:49:49,I Consent,45-54,Female,Master's Degree,Multiple times a day,"Facebook, Instagram","Text posts, Images",Disagree,Neutral,Neutral,Strongly Disagree,Strongly Disagree,Strongly Disagree,Strongly Disagree,Strongly Disagree,Neutral,Strongly Disagree,Strongly Disagree,Strongly Disagree,Strongly Disagree,Strongly Disagree,Strongly Disagree,Neutral,Agree,Agree,Agree,Agree,Agree,Agree,Agree,Agree,Agree,Agree,Agree
19/02/2024 18:21:39,I Consent,Under 18,Female,High School,Multiple times a day,"Instagram, Twitter, LinkedIn, Pinterest","Images, Videos, Memes",Neutral,Disagree,Disagree,Disagree,Strongly Disagree,Disagree,Disagree,Strongly Disagree,Disagree,Strongly Disagree,Disagree,Disagree,Disagree,Disagree,Agree,Disagree,Neutral,Somewhat Agree,Agree,Agree,Agree,Agree,Agree,Agree,Agree,Agree,Agree
19/02/2024 20:31:55,I Consent,18-24,Female,Bachelor's Degree,Multiple times a day,"Instagram, Twitter, LinkedIn, Snapchat","Text posts, Images, Videos, Memes",Strongly Agree,Agree,Disagree,Agree,Strongly Disagree,Disagree,Disagree,Disagree,Disagree,Disagree,Disagree,Disagree,Strongly Disagree,Strongly Disagree,Agree,Agree,Strongly Disagree,Agree,Somewhat Agree,Agree,Agree,Agree,Agree,Somewhat Agree,Somewhat Agree,Somewhat Agree,Somewhat Agree
19/02/2024 20:52:39,I Consent,45-54,Male,Master's Degree,Multiple times a day,"Facebook, Instagram, Twitter, LinkedIn, Pinterest","Text posts, Images, Videos, News articles, Memes, Live streams, ",Agree,Agree,Neutral,Neutral,Disagree,Neutral,Agree,Disagree,Strongly Disagree,Strongly Disagree,Strongly Disagree,Strongly Disagree,Neutral,Disagree,Agree,Neutral,Agree,Somewhat Agree,Agree,Agree,Agree,Strongly Agree,Agree,Strongly Agree,Strongly Agree,Strongly Agree,Strongly Agree
19/02/2024 22:01:04,I Consent,25-34,Female,Master's Degree,Once a day,"Facebook, Instagram, LinkedIn, Pinterest","Images, Videos, News articles",Strongly Disagree,Strongly Disagree,Strongly Disagree,Strongly Disagree,Strongly Disagree,Strongly Disagree,Strongly Disagree,Strongly Disagree,Strongly Disagree,Strongly Disagree,Strongly Disagree,Strongly Disagree,Strongly Disagree,Strongly Disagree,Strongly Disagree,Strongly Disagree,Strongly Disagree,Agree,Agree,Agree,Agree,Agree,Agree,Agree,Agree,Agree,Agree
20/02/2024 21:28:15,I Consent,18-24,Male,Bachelor's Degree,Multiple times a day,"Instagram, Reddit","Text posts, Images, Videos, News articles, Memes",Strongly Disagree,Disagree,Strongly Disagree,Strongly Disagree,Strongly Disagree,Strongly Disagree,Strongly Disagree,Strongly Disagree,Strongly Disagree,Strongly Disagree,Strongly Disagree,Strongly Disagree,Neutral,Agree,Disagree,Agree,Agree,Agree,Agree,Agree,Agree,Agree,Strongly Agree,Agree,Agree,Agree,Agree
23/02/2024 20:32:18,I Consent,18-24,Female,Bachelor's Degree,Multiple times a day,"Instagram, LinkedIn, Pinterest","Text posts, Videos",Neutral,Neutral,Neutral,Disagree,Disagree,Neutral,Strongly Disagree,Neutral,Neutral,Neutral,Neutral,Neutral,Agree,Disagree,Agree,Agree,Neutral,Somewhat Disagree,Agree,Somewhat Agree,Somewhat Agree,Agree,Agree,Agree,Agree,Agree,Agree
23/02/2024 20:48:56,I Consent,25-34,Male,Master's Degree,Multiple times a day,"Facebook, Instagram","Text posts, Images, Videos, News articles, Memes",Strongly Agree,Agree,Agree,Neutral,Disagree,Neutral,Disagree,Strongly Disagree,Strongly Disagree,Strongly Disagree,Strongly Disagree,Strongly Disagree,Strongly Disagree,Agree,Neutral,Strongly Agree,Strongly Agree,Somewhat Agree,Agree,Agree,Strongly Agree,Somewhat Agree,Strongly Agree,Strongly Agree,Somewhat Disagree,Somewhat Agree,Somewhat Disagree
23/02/2024 20:53:16,I Consent,25-34,Male,Master's Degree,Multiple times a day,Instagram,"Videos, News articles",Neutral,Agree,Strongly Agree,Agree,Strongly Disagree,Strongly Disagree,Agree,Neutral,Strongly Disagree,Strongly Disagree,Strongly Disagree,Strongly Disagree,Agree,Strongly Agree,Strongly Disagree,Strongly Agree,Strongly Agree,Strongly Agree,Strongly Agree,Strongly Agree,Agree,Agree,Agree,Agree,Agree,Strongly Agree,Strongly Agree
23/02/2024 20:57:30,I Consent,45-54,Female,Master's Degree,Multiple times a day,"Facebook, Instagram, Pinterest","Text posts, Images, Memes",Strongly Disagree,Neutral,Neutral,Disagree,Strongly Disagree,Strongly Disagree,Strongly Disagree,Strongly Disagree,Strongly Disagree,Strongly Disagree,Strongly Disagree,Strongly Disagree,Neutral,Agree,Strongly Disagree,Agree,Agree,Strongly Agree,Somewhat Agree,Agree,Agree,Agree,Agree,Agree,Strongly Agree,Strongly Agree,Strongly Agree
23/02/2024 21:16:30,I Consent,45-54,Male,Master's Degree,Multiple times a day,Facebook,"Text posts, Images, Videos, News articles, Memes, Live streams",Strongly Disagree,Agree,Agree,Agree,Agree,Agree,Disagree,Disagree,Neutral,Disagree,Disagree,Disagree,Disagree,Disagree,Agree,Disagree,Disagree,Agree,Agree,Agree,Agree,Agree,Agree,Agree,Agree,Agree,Agree
23/02/2024 21:37:18,I Consent,45-54,Male,Bachelor's Degree,Once a day,"Facebook, Instagram","Text posts, Images, Videos, News articles",Neutral,Agree,Neutral,Neutral,Strongly Disagree,Strongly Disagree,Strongly Disagree,Strongly Disagree,Strongly Disagree,Strongly Disagree,Strongly Disagree,Strongly Disagree,Neutral,Neutral,Disagree,Agree,Agree,Agree,Agree,Agree,Somewhat Disagree,Agree,Agree,Agree,Strongly Agree,Strongly Agree,Agree
23/02/2024 21:43:27,I Consent,45-54,Male,Bachelor's Degree,3-4 times a week,"Twitter, Pinterest, WhatsApp","Text posts, Images, Videos",Disagree,Disagree,Disagree,Strongly Disagree,Strongly Disagree,Strongly Disagree,Disagree,Disagree,Strongly Disagree,Strongly Disagree,Strongly Disagree,Strongly Disagree,Strongly Disagree,Strongly Disagree,Disagree,Neutral,Agree,Agree,Agree,Strongly Agree,Agree,Strongly Agree,Agree,Agree,Agree,Agree,Agree
23/02/2024 22:30:51,I Consent,18-24,Female,Bachelor's Degree,Multiple times a day,"Pinterest, WhatsApp","Images, Texts",Neutral,Disagree,Neutral,Neutral,Strongly Disagree,Strongly Disagree,Strongly Disagree,Strongly Disagree,Strongly Disagree,Strongly Disagree,Strongly Disagree,Strongly Disagree,Neutral,Neutral,Neutral,Neutral,Neutral,Strongly Disagree,Agree,Somewhat Agree,Somewhat Agree,Somewhat Agree,Somewhat Agree,Disagree,Disagree,Somewhat Agree,Disagree
23/02/2024 23:27:06,I Consent,45-54,Female,Master's Degree,Multiple times a day,"Facebook, LinkedIn","Text posts, Images, Videos, News articles, Live streams",Agree,Agree,Agree,Agree,Neutral,Neutral,Neutral,Neutral,Strongly Disagree,Strongly Disagree,Strongly Disagree,Strongly Disagree,Neutral,Neutral,Disagree,Agree,Agree,Agree,Somewhat Disagree,Somewhat Agree,Somewhat Agree,Somewhat Agree,Somewhat Agree,Somewhat Agree,Agree,Agree,Agree
23/02/2024 23:27:27,I Consent,35-44,Female,Master's Degree,Multiple times a day,"Facebook, Instagram, LinkedIn","News articles, Memes",Strongly Disagree,Strongly Disagree,Strongly Disagree,Strongly Disagree,Strongly Disagree,Strongly Disagree,Strongly Disagree,Strongly Disagree,Strongly Disagree,Strongly Disagree,Strongly Disagree,Strongly Disagree,Strongly Agree,Strongly Agree,Strongly Disagree,Strongly Agree,Strongly Agree,Agree,Somewhat Agree,Agree,Agree,Somewhat Agree,Agree,Agree,Strongly Agree,Strongly Agree,Strongly Agree
23/02/2024 23:47:57,I Consent,35-44,Female,Master's Degree,Multiple times a day,"Facebook, Instagram, Pinterest",Videos,Agree,Agree,Agree,Agree,Agree,Disagree,Disagree,Disagree,Disagree,Disagree,Disagree,Disagree,Agree,Agree,Disagree,Agree,Agree,Agree,Somewhat Agree,Agree,Agree,Agree,Agree,Agree,Agree,Agree,Agree
24/02/2024 00:15:16,I Consent,18-24,Female,Bachelor's Degree,Multiple times a day,"Instagram, LinkedIn, TikTok, Pinterest","Text posts, Images, Videos, Memes",Strongly Agree,Strongly Agree,Strongly Agree,Strongly Agree,Neutral,Agree,Agree,Disagree,Agree,Disagree,Disagree,Disagree,Agree,Agree,Disagree,Neutral,Agree,Agree,Strongly Agree,Strongly Agree,Strongly Agree,Strongly Agree,Strongly Agree,Strongly Agree,Strongly Agree,Strongly Agree,Strongly Agree
24/02/2024 01:36:54,I Consent,35-44,Male,Bachelor's Degree,Once a day,"Facebook, LinkedIn","Images, Videos, News articles",Neutral,Agree,Agree,Neutral,Neutral,Neutral,Neutral,Neutral,Neutral,Neutral,Neutral,Neutral,Neutral,Neutral,Neutral,Agree,Agree,Agree,Agree,Agree,Somewhat Agree,Somewhat Agree,Agree,Agree,Strongly Agree,Agree,Agree
24/02/2024 07:21:42,I Consent,25-34,Male,Master's Degree,Once a day,"Facebook, LinkedIn","Text posts, Videos, News articles, Memes",Disagree,Neutral,Disagree,Disagree,Strongly Disagree,Strongly Disagree,Strongly Disagree,Strongly Disagree,Strongly Disagree,Strongly Disagree,Strongly Disagree,Strongly Disagree,Strongly Disagree,Strongly Disagree,Agree,Disagree,Disagree,Agree,Somewhat Agree,Somewhat Agree,Agree,Somewhat Agree,Somewhat Agree,Somewhat Agree,Somewhat Agree,Strongly Agree,Agree
24/02/2024 08:19:09,I Consent,45-54,Female,Bachelor's Degree,Multiple times a day,"Facebook, Twitter","Text posts, News articles, Memes",Disagree,Disagree,Disagree,Disagree,Disagree,Disagree,Disagree,Disagree,Disagree,Disagree,Disagree,Strongly Disagree,Strongly Disagree,Neutral,Disagree,Neutral,Neutral,Agree,Somewhat Agree,Agree,Somewhat Agree,Agree,Disagree,Somewhat Agree,Agree,Somewhat Agree,Agree
24/02/2024 08:23:41,I Consent,45-54,Male,Master's Degree,Multiple times a day,"Facebook, Instagram, LinkedIn, WhatsApp","Text posts, Images, Videos, News articles, Reels",Strongly Disagree,Strongly Disagree,Strongly Disagree,Strongly Disagree,Strongly Disagree,Strongly Disagree,Strongly Disagree,Strongly Disagree,Neutral,Strongly Disagree,Strongly Disagree,Strongly Disagree,Neutral,Neutral,Strongly Disagree,Strongly Agree,Strongly Agree,Strongly Agree,Strongly Agree,Strongly Agree,Strongly Agree,Strongly Agree,Strongly Agree,Strongly Agree,Agree,Somewhat Agree,Somewhat Agree
24/02/2024 08:46:16,I Consent,Under 18,Female,High School,Multiple times a day,"Instagram, TikTok","Text posts, Images, Videos",Disagree,Agree,Disagree,Disagree,Agree,Agree,Strongly Agree,Strongly Disagree,Strongly Disagree,Strongly Disagree,Strongly Disagree,Strongly Disagree,Neutral,Agree,Strongly Disagree,Agree,Agree,Somewhat Agree,Somewhat Agree,Somewhat Agree,Agree,Disagree,Strongly Disagree,Somewhat Disagree,Somewhat Disagree,Somewhat Disagree,Strongly Disagree
24/02/2024 10:09:42,I Consent,Under 18,Female,High School,Multiple times a day,"Instagram, Pinterest","Text posts, Images, Videos, Memes",Neutral,Disagree,Agree,Agree,Disagree,Strongly Disagree,Agree,Neutral,Strongly Disagree,Strongly Disagree,Disagree,Strongly Disagree,Agree,Agree,Neutral,Agree,Strongly Agree,Strongly Agree,Strongly Agree,Strongly Agree,Strongly Agree,Strongly Agree,Strongly Agree,Strongly Agree,Strongly Agree,Strongly Agree,Strongly Agree
24/02/2024 10:39:42,I Consent,25-34,Male,Bachelor's Degree,Once a day,"Instagram, LinkedIn, Pinterest","Text posts, Images, Videos, News articles, Live streams",Agree,Agree,Neutral,Disagree,Disagree,Agree,Neutral,Strongly Disagree,Neutral,Agree,Neutral,Disagree,Neutral,Disagree,Neutral,Neutral,Neutral,Somewhat Agree,Agree,Agree,Somewhat Agree,Agree,Somewhat Agree,Somewhat Agree,Strongly Agree,Strongly Agree,Strongly Agree
24/02/2024 12:09:20,I Consent,45-54,Male,Master's Degree,Once a day,"Facebook, Instagram, LinkedIn",News articles,Strongly Disagree,Strongly Disagree,Strongly Disagree,Strongly Disagree,Strongly Disagree,Strongly Disagree,Strongly Disagree,Strongly Disagree,Strongly Disagree,Strongly Disagree,Strongly Disagree,Strongly Disagree,Neutral,Neutral,Neutral,Neutral,Agree,Agree,Agree,Agree,Agree,Agree,Agree,Agree,Agree,Agree,Agree
24/02/2024 14:33:10,I Consent,25-34,Male,Bachelor's Degree,Once a day,"Instagram, LinkedIn","Images, Videos",Disagree,Disagree,Strongly Agree,Disagree,Disagree,Disagree,Strongly Disagree,Strongly Disagree,Neutral,Strongly Disagree,Disagree,Strongly Disagree,Neutral,Disagree,Strongly Agree,Agree,Agree,Somewhat Disagree,Agree,Agree,Somewhat Agree,Strongly Agree,Strongly Agree,Strongly Agree,Strongly Agree,Agree,Strongly Agree
24/02/2024 16:46:25,I Consent,45-54,Male,Master's Degree,Multiple times a day,"Facebook, LinkedIn","Text posts, Videos, News articles",Disagree,Agree,Agree,Disagree,Disagree,Neutral,Disagree,Disagree,Disagree,Disagree,Strongly Disagree,Strongly Disagree,Neutral,Disagree,Neutral,Agree,Agree,Agree,Disagree,Agree,Strongly Disagree,Agree,Strongly Agree,Agree,Strongly Agree,Strongly Agree,Strongly Agree
24/02/2024 21:04:25,I Consent,18-24,Male,Master's Degree,Multiple times a day,LinkedIn,"Images, Videos, News articles, Memes",Disagree,Neutral,Neutral,Agree,Strongly Disagree,Disagree,Disagree,Strongly Disagree,Strongly Disagree,Strongly Disagree,Strongly Disagree,Strongly Disagree,Neutral,Agree,Disagree,Agree,Agree,Strongly Agree,Strongly Agree,Agree,Somewhat Agree,Somewhat Disagree,Somewhat Agree,Somewhat Agree,Somewhat Agree,Somewhat Agree,Agree
24/02/2024 21:18:46,I Consent,25-34,Male,Master's Degree,Multiple times a day,"Facebook, Instagram, Twitter, LinkedIn","Images, Videos",Disagree,Neutral,Agree,Neutral,Strongly Disagree,Strongly Disagree,Strongly Disagree,Strongly Disagree,Strongly Disagree,Strongly Disagree,Strongly Disagree,Strongly Disagree,Agree,Strongly Agree,Strongly Disagree,Agree,Strongly Agree,Somewhat Agree,Strongly Agree,Somewhat Agree,Agree,Agree,Strongly Agree,Agree,Agree,Somewhat Agree,Agree
24/02/2024 21:44:41,I Consent,25-34,Female,Master's Degree,Multiple times a day,"Instagram, LinkedIn","Text posts, Images, Videos, News articles",Neutral,Agree,Agree,Neutral,Strongly Disagree,Strongly Disagree,Strongly Disagree,Strongly Disagree,Strongly Disagree,Disagree,Strongly Disagree,Strongly Disagree,Neutral,Agree,Neutral,Neutral,Agree,Agree,Somewhat Agree,Agree,Agree,Somewhat Agree,Somewhat Agree,Somewhat Agree,Agree,Agree,Agree
25/02/2024 00:15:05,I Consent,18-24,Female,High School,Multiple times a day,"Facebook, Instagram, Twitter, LinkedIn","Text posts, Images, Videos, Memes",Strongly Disagree,Strongly Disagree,Agree,Neutral,Disagree,Strongly Disagree,Disagree,Strongly Disagree,Strongly Disagree,Strongly Disagree,Strongly Disagree,Strongly Disagree,Disagree,Agree,Disagree,Agree,Strongly Agree,Agree,Agree,Agree,Agree,Somewhat Agree,Strongly Agree,Strongly Agree,Agree,Agree,Agree
25/02/2024 00:26:18,I Consent,45-54,Male,Master's Degree,3-4 times a week,"Facebook, LinkedIn","Videos, News articles",Neutral,Agree,Agree,Neutral,Disagree,Neutral,Disagree,Disagree,Neutral,Disagree,Agree,Agree,Agree,Neutral,Agree,Agree,Agree,Agree,Agree,Agree,Agree,Somewhat Agree,Agree,Agree,Strongly Agree,Agree,Agree
25/02/2024 08:14:21,I Consent,45-54,Male,Master's Degree,Once a day,Twitter,"Text posts, Images",Disagree,Disagree,Disagree,Strongly Disagree,Strongly Disagree,Strongly Disagree,Strongly Disagree,Strongly Disagree,Strongly Disagree,Strongly Disagree,Strongly Disagree,Strongly Disagree,Strongly Disagree,Strongly Disagree,Neutral,Neutral,Neutral,Agree,Strongly Agree,Strongly Agree,Strongly Agree,Strongly Agree,Strongly Agree,Strongly Agree,Strongly Agree,Strongly Agree,Strongly Agree
25/02/2024 09:15:43,I Consent,45-54,Male,Master's Degree,Rarely,Facebook,Videos,Disagree,Agree,Neutral,Neutral,Strongly Disagree,Strongly Agree,Strongly Disagree,Strongly Disagree,Neutral,Neutral,Neutral,Neutral,Neutral,Neutral,Neutral,Neutral,Neutral,Agree,Somewhat Agree,Agree,Agree,Agree,Agree,Somewhat Agree,Agree,Agree,Agree
25/02/2024 10:02:18,I Consent,18-24,Male,Bachelor's Degree,Multiple times a day,"Twitter, Snapchat","Text posts, Images",Neutral,Strongly Agree,Neutral,Agree,Agree,Disagree,Strongly Agree,Disagree,Strongly Disagree,Agree,Disagree,Neutral,Agree,Agree,Agree,Neutral,Agree,Strongly Disagree,Somewhat Agree,Somewhat Agree,Agree,Somewhat Disagree,Disagree,Somewhat Disagree,Strongly Disagree,Somewhat Disagree,Strongly Disagree
25/02/2024 10:12:46,I Consent,35-44,Male,Master's Degree,Multiple times a day,"LinkedIn, Medium","Text posts, Videos, News articles",Neutral,Neutral,Agree,Neutral,Disagree,Disagree,Disagree,Disagree,Disagree,Disagree,Disagree,Disagree,Neutral,Agree,Disagree,Neutral,Agree,Agree,Agree,Agree,Agree,Agree,Agree,Agree,Agree,Agree,Agree
25/02/2024 10:26:06,I Consent,25-34,Male,Master's Degree,Multiple times a day,Instagram,"Images, Videos, Memes",Agree,Strongly Agree,Agree,Neutral,Neutral,Neutral,Agree,Strongly Disagree,Strongly Disagree,Strongly Disagree,Strongly Disagree,Strongly Disagree,Strongly Agree,Agree,Disagree,Agree,Agree,Agree,Agree,Agree,Strongly Agree,Somewhat Agree,Agree,Agree,Strongly Agree,Agree,Strongly Agree
25/02/2024 10:32:34,I Consent,25-34,Male,Bachelor's Degree,Multiple times a day,LinkedIn,"Text posts, News articles",Neutral,Agree,Strongly Agree,Neutral,Neutral,Disagree,Neutral,Disagree,Strongly Disagree,Disagree,Disagree,Disagree,Agree,Agree,Disagree,Agree,Agree,Agree,Agree,Agree,Agree,Agree,Agree,Agree,Agree,Agree,Agree
25/02/2024 11:26:16,I Consent,45-54,Male,Master's Degree,3-4 times a week,"Facebook, LinkedIn","Text posts, Images, Videos, News articles, Live streams",Agree,Strongly Agree,Agree,Agree,Disagree,Disagree,Disagree,Strongly Disagree,Strongly Disagree,Strongly Disagree,Strongly Disagree,Strongly Disagree,Agree,Agree,Strongly Agree,Agree,Agree,Strongly Agree,Strongly Agree,Strongly Agree,Strongly Agree,Strongly Agree,Strongly Agree,Strongly Agree,Strongly Agree,Strongly Agree,Strongly Agree
25/02/2024 11:39:50,I Consent,18-24,Male,Master's Degree,Multiple times a day,"Instagram, Snapchat","Text posts, Images, Videos, News articles, Memes",Neutral,Agree,Disagree,Disagree,Neutral,Strongly Disagree,Neutral,Strongly Disagree,Strongly Disagree,Strongly Disagree,Disagree,Strongly Disagree,Strongly Disagree,Disagree,Agree,Neutral,Neutral,Somewhat Agree,Somewhat Agree,Agree,Somewhat Agree,Somewhat Agree,Agree,Somewhat Disagree,Strongly Agree,Strongly Agree,Strongly Agree
25/02/2024 13:28:50,I Consent,18-24,Female,Bachelor's Degree,Multiple times a day,"Instagram, Snapchat","Text posts, Images, Videos, News articles",Disagree,Disagree,Agree,Neutral,Strongly Disagree,Strongly Disagree,Strongly Disagree,Strongly Disagree,Neutral,Strongly Disagree,Strongly Disagree,Strongly Disagree,Strongly Disagree,Strongly Disagree,Agree,Neutral,Strongly Disagree,Somewhat Disagree,Somewhat Agree,Somewhat Agree,Somewhat Agree,Somewhat Agree,Strongly Agree,Strongly Agree,Somewhat Disagree,Somewhat Agree,Somewhat Agree
25/02/2024 14:43:22,I Consent,18-24,Male,Bachelor's Degree,Multiple times a day,"Instagram, LinkedIn","Images, News articles",Neutral,Neutral,Disagree,Strongly Disagree,Strongly Disagree,Neutral,Agree,Disagree,Strongly Disagree,Disagree,Disagree,Disagree,Disagree,Disagree,Agree,Disagree,Neutral,Somewhat Agree,Agree,Strongly Agree,Somewhat Agree,Somewhat Agree,Somewhat Agree,Somewhat Agree,Agree,Strongly Agree,Strongly Agree
26/02/2024 10:53:23,I Consent,18-24,Male,Bachelor's Degree,Multiple times a day,"Facebook, Instagram, LinkedIn, Snapchat","Images, Videos, Memes, Live streams, Reels",Disagree,Neutral,Agree,Neutral,Agree,Strongly Disagree,Strongly Agree,Strongly Disagree,Agree,Neutral,Strongly Disagree,Strongly Disagree,Strongly Agree,Strongly Agree,Strongly Disagree,Strongly Agree,Strongly Agree,Strongly Agree,Somewhat Agree,Strongly Agree,Strongly Agree,Strongly Agree,Strongly Agree,Strongly Agree,Strongly Agree,Strongly Agree,Strongly Agree
26/02/2024 10:54:59,I Consent,25-34,Female,Bachelor's Degree,Multiple times a day,Instagram,Videos,Neutral,Disagree,Neutral,Disagree,Strongly Disagree,Strongly Disagree,Strongly Disagree,Strongly Disagree,Strongly Disagree,Strongly Disagree,Strongly Disagree,Strongly Disagree,Strongly Disagree,Neutral,Disagree,Agree,Agree,Strongly Agree,Agree,Agree,Agree,Strongly Agree,Agree,Strongly Agree,Strongly Agree,Strongly Agree,Agree
26/02/2024 11:05:40,I Consent,25-34,Male,Bachelor's Degree,Multiple times a day,"Facebook, Instagram, LinkedIn, Snapchat","Text posts, Images, Videos, News articles, Memes",Disagree,Strongly Disagree,Strongly Disagree,Strongly Disagree,Strongly Disagree,Strongly Disagree,Strongly Disagree,Strongly Disagree,Strongly Disagree,Strongly Disagree,Strongly Disagree,Strongly Disagree,Strongly Agree,Neutral,Disagree,Strongly Agree,Strongly Agree,Agree,Agree,Agree,Agree,Strongly Agree,Agree,Agree,Agree,Strongly Agree,Strongly Agree
26/02/2024 21:09:21,I Consent,35-44,Female,Bachelor's Degree,Multiple times a day,"Facebook, Instagram, Pinterest","Images, Videos",Agree,Agree,Agree,Neutral,Disagree,Disagree,Disagree,Disagree,Strongly Disagree,Strongly Disagree,Strongly Disagree,Strongly Disagree,Agree,Agree,Neutral,Agree,Agree,Somewhat Agree,Somewhat Agree,Somewhat Agree,Agree,Agree,Agree,Somewhat Agree,Somewhat Agree,Somewhat Disagree,Somewhat Agree
26/02/2024 22:54:15,I Consent,18-24,Female,Master's Degree,Multiple times a day,"Instagram, LinkedIn, Snapchat, Pinterest","Text posts, Images, Videos, Memes",Agree,Disagree,Neutral,Neutral,Strongly Disagree,Strongly Disagree,Strongly Disagree,Strongly Disagree,Strongly Disagree,Strongly Disagree,Strongly Disagree,Strongly Disagree,Neutral,Strongly Agree,Strongly Disagree,Agree,Agree,Strongly Agree,Strongly Agree,Strongly Agree,Somewhat Agree,Strongly Agree,Agree,Agree,Strongly Agree,Strongly Agree,Strongly Agree
27/02/2024 22:46:43,I Consent,18-24,Male,Bachelor's Degree,Multiple times a day,"Instagram, Twitter, YouTube, twitch, Reddit","Text posts, Images, Videos, News articles, Memes, Live streams",Strongly Disagree,Disagree,Neutral,Strongly Disagree,Strongly Disagree,Strongly Disagree,Strongly Disagree,Disagree,Strongly Disagree,Strongly Disagree,Strongly Disagree,Strongly Disagree,Neutral,Agree,Disagree,Neutral,Neutral,Somewhat Agree,Disagree,Disagree,Somewhat Disagree,Strongly Disagree,Somewhat Disagree,Somewhat Disagree,Somewhat Agree,Disagree,Somewhat Agree
27/02/2024 22:48:41,I Consent,18-24,Male,Bachelor's Degree,Multiple times a day,Tumblr,"Text posts, Images, News articles",Strongly Disagree,Agree,Neutral,Neutral,Disagree,Disagree,Neutral,Agree,Disagree,Strongly Disagree,Disagree,Disagree,Agree,Agree,Disagree,Agree,Agree,Somewhat Agree,Agree,Agree,Somewhat Agree,Somewhat Disagree,Agree,Agree,Agree,Strongly Agree,Somewhat Agree
27/02/2024 23:08:03,I Consent,18-24,Female,Bachelor's Degree,Multiple times a day,"LinkedIn, Pinterest","Text posts, Images, Videos, News articles, Memes",Strongly Disagree,Strongly Disagree,Disagree,Disagree,Disagree,Disagree,Neutral,Disagree,Strongly Disagree,Strongly Disagree,Strongly Disagree,Strongly Disagree,Agree,Strongly Disagree,Neutral,Agree,Neutral,Somewhat Agree,Agree,Strongly Agree,Somewhat Agree,Agree,Agree,Strongly Agree,Agree,Agree,Agree
27/02/2024 23:12:11,I Consent,18-24,Female,Bachelor's Degree,Multiple times a day,Instagram,"Videos, Memes",Agree,Disagree,Neutral,Disagree,Neutral,Neutral,Agree,Disagree,Disagree,Disagree,Strongly Disagree,Disagree,Neutral,Disagree,Disagree,Agree,Agree,Somewhat Agree,Somewhat Disagree,Somewhat Agree,Somewhat Agree,Somewhat Agree,Somewhat Agree,Somewhat Agree,Somewhat Agree,Somewhat Agree,Somewhat Agree
28/02/2024 06:46:59,I Consent,18-24,Male,Undergraduate Student ,Multiple times a day,"Instagram, YouTube","Text posts, Images, Videos",Disagree,Disagree,Disagree,Disagree,Disagree,Disagree,Neutral,Disagree,Strongly Disagree,Strongly Disagree,Disagree,Disagree,Neutral,Neutral,Disagree,Agree,Agree,Agree,Somewhat Agree,Somewhat Agree,Somewhat Disagree,Somewhat Disagree,Agree,Agree,Agree,Somewhat Agree,Agree
4/3/2024 23:31,I Consent,18-24,Male,Master's Degree,Multiple times a day,"Instagram, LinkedIn","Images, Videos, News articles, Memes",Disagree,Disagree,Disagree,Neutral,Strongly Disagree,Strongly Disagree,Strongly Disagree,Strongly Disagree,Strongly Disagree,Strongly Disagree,Strongly Disagree,Disagree,Neutral,Neutral,Disagree,Agree,Strongly Agree,Somewhat Agree,Somewhat Agree,Strongly Agree,Strongly Agree,Strongly Agree,Somewhat Agree,Somewhat Agree,Agree,Strongly Agree,Agree
5/3/2024 5:48,I Consent,45-54,Female,Doctoral Degree,Multiple times a day,"Instagram, Twitter, LinkedIn","Text posts, Images, News articles",Disagree,Strongly Disagree,Strongly Disagree,Strongly Disagree,Disagree,Strongly Disagree,Disagree,Strongly Disagree,Strongly Disagree,Strongly Disagree,Strongly Disagree,Strongly Disagree,Disagree,Neutral,Strongly Disagree,Disagree,Agree,Agree,Agree,Agree,Agree,Agree,Agree,Agree,Agree,Agree,Agree
5/3/2024 13:36,I Consent,18-24,Female,Bachelor's Degree,Multiple times a day,"Instagram, LinkedIn","Images, Videos",Neutral,Agree,Agree,Agree,Neutral,Disagree,Neutral,Neutral,Disagree,Disagree,Disagree,Disagree,Agree,Neutral,Disagree,Agree,Agree,Agree,Agree,Agree,Somewhat Agree,Agree,Agree,Agree,Agree,Agree,Agree
5/3/2024 23:05,I Consent,35-44,Female,Master's Degree,3-4 times a week,"Facebook, LinkedIn","Text posts, Images, Videos, News articles",Disagree,Disagree,Neutral,Neutral,Disagree,Disagree,Neutral,Neutral,Strongly Disagree,Strongly Disagree,Disagree,Neutral,Neutral,Neutral,Neutral,Agree,Agree,Agree,Agree,Agree,Agree,Agree,Agree,Agree,Agree,Agree,Agree
6/3/2024 13:30,I Consent,18-24,Female,Bachelor's Degree,Multiple times a day,"Instagram, LinkedIn, Snapchat","Videos, News articles, Memes",Agree,Agree,Strongly Agree,Disagree,Disagree,Strongly Disagree,Disagree,Strongly Disagree,Disagree,Disagree,Strongly Disagree,Strongly Disagree,Neutral,Strongly Agree,Strongly Disagree,Strongly Agree,Strongly Agree,Agree,Somewhat Agree,Somewhat Agree,Agree,Disagree,Somewhat Agree,Strongly Agree,Agree,Agree,Agree
11/3/2024 9:44,I Consent,18-24,Male,Bachelor's Degree,Multiple times a day,"Instagram, LinkedIn","Text posts, Images, Videos, News articles",Disagree,Disagree,Strongly Agree,Agree,Disagree,Strongly Agree,Strongly Agree,Disagree,Disagree,Agree,Neutral,Agree,Agree,Agree,Disagree,Agree,Agree,Disagree,Agree,Agree,Agree,Somewhat Agree,Disagree,Agree,Agree,Agree,Agree
11/3/2024 17:29,I Consent,25-34,Female,Master's Degree,Multiple times a day,"Facebook, Instagram","Text posts, Images, Memes",Agree,Agree,Agree,Agree,Agree,Agree,Agree,Agree,Agree,Agree,Agree,Agree,Agree,Agree,Agree,Agree,Agree,Agree,Agree,Agree,Agree,Agree,Agree,Agree,Agree,Agree,Agree
14/03/2024 19:58:01,I Consent,35-44,Male,Bachelor's Degree,Multiple times a day,"Facebook, Instagram, LinkedIn","Images, Videos, Memes",Neutral,Agree,Agree,Agree,Neutral,Disagree,Agree,Disagree,Disagree,Disagree,Disagree,Disagree,Agree,Agree,Agree,Agree,Agree,Agree,Agree,Somewhat Agree,Somewhat Agree,Somewhat Agree,Somewhat Agree,Agree,Somewhat Agree,Somewhat Agree,Somewhat Agree
16/03/2024 11:22:50,I Consent,18-24,Male,Bachelor's Degree,Multiple times a day,"Instagram, LinkedIn, Snapchat, Reddit","Text posts, Images, Videos, News articles, Memes",Neutral,Disagree,Agree,Neutral,Strongly Disagree,Strongly Disagree,Neutral,Strongly Disagree,Strongly Disagree,Disagree,Strongly Disagree,Strongly Disagree,Neutral,Disagree,Agree,Neutral,Agree,Somewhat Agree,Agree,Agree,Somewhat Agree,Agree,Strongly Agree,Agree,Agree,Agree,Somewhat Agree
16/03/2024 11:28:45,I Consent,18-24,Male,Bachelor's Degree,Multiple times a day,"Instagram, Snapchat, Reddit","Images, Videos, Memes",Neutral,Disagree,Strongly Disagree,Strongly Disagree,Strongly Disagree,Strongly Disagree,Strongly Disagree,Strongly Disagree,Strongly Disagree,Strongly Disagree,Strongly Disagree,Strongly Disagree,Strongly Disagree,Strongly Disagree,Neutral,Disagree,Neutral,Somewhat Agree,Somewhat Disagree,Somewhat Agree,Somewhat Disagree,Disagree,Somewhat Agree,Disagree,Somewhat Agree,Somewhat Agree,Agree
16/03/2024 12:13:58,I Consent,18-24,Male,Bachelor's Degree,Multiple times a day,"Instagram, LinkedIn","Images, Videos, Memes",Neutral,Disagree,Disagree,Agree,Strongly Disagree,Strongly Disagree,Strongly Disagree,Strongly Disagree,Strongly Disagree,Strongly Disagree,Strongly Disagree,Strongly Disagree,Strongly Disagree,Neutral,Strongly Disagree,Agree,Strongly Agree,Disagree,Somewhat Agree,Disagree,Somewhat Disagree,Somewhat Disagree,Somewhat Disagree,Somewhat Agree,Somewhat Agree,Disagree,Somewhat Disagree
16/03/2024 21:40:52,I Consent,35-44,Female,Master's Degree,Multiple times a day,"Instagram, LinkedIn","Images, Videos",Disagree,Neutral,Disagree,Disagree,Disagree,Disagree,Neutral,Disagree,Strongly Disagree,Disagree,Disagree,Disagree,Neutral,Neutral,Disagree,Neutral,Neutral,Somewhat Agree,Somewhat Agree,Agree,Agree,Somewhat Agree,Agree,Agree,Agree,Agree,Agree
17/03/2024 13:38:49,I Consent,18-24,Female,Bachelor's Degree,Multiple times a day,"Instagram, Snapchat","News articles, Memes",Agree,Strongly Disagree,Neutral,Disagree,Strongly Disagree,Neutral,Disagree,Disagree,Disagree,Disagree,Disagree,Disagree,Neutral,Neutral,Neutral,Agree,Agree,Somewhat Agree,Somewhat Disagree,Somewhat Agree,Somewhat Disagree,Somewhat Disagree,Somewhat Disagree,Somewhat Disagree,Somewhat Agree,Somewhat Agree,Somewhat Disagree
17/03/2024 13:46:40,I Consent,25-34,Male,Bachelor's Degree,Multiple times a day,"Instagram, LinkedIn","Text posts, Images, Videos",Neutral,Neutral,Disagree,Disagree,Neutral,Neutral,Neutral,Neutral,Agree,Disagree,Disagree,Disagree,Neutral,Neutral,Strongly Disagree,Neutral,Agree,Somewhat Agree,Agree,Agree,Agree,Agree,Somewhat Agree,Agree,Strongly Agree,Agree,Strongly Agree
17/03/2024 13:46:49,I Consent,18-24,Female,Bachelor's Degree,Multiple times a day,Instagram,"Images, Videos, News articles, Memes",Disagree,Agree,Agree,Neutral,Disagree,Disagree,Disagree,Disagree,Strongly Disagree,Strongly Disagree,Strongly Disagree,Disagree,Neutral,Agree,Disagree,Agree,Agree,Somewhat Agree,Agree,Agree,Agree,Agree,Agree,Agree,Agree,Strongly Agree,Agree
17/03/2024 13:51:59,I Consent,18-24,Male,Master's Degree,Multiple times a day,"Facebook, Instagram","Videos, Memes",Agree,Agree,Disagree,Neutral,Disagree,Disagree,Neutral,Disagree,Disagree,Disagree,Disagree,Disagree,Agree,Disagree,Neutral,Neutral,Agree,Agree,Somewhat Agree,Somewhat Agree,Somewhat Disagree,Disagree,Somewhat Agree,Somewhat Agree,Somewhat Agree,Somewhat Agree,Somewhat Agree
17/03/2024 13:55:26,I Consent,25-34,Female,Bachelor's Degree,Multiple times a day,"Facebook, Instagram","Text posts, Images, Videos, News articles, Memes",Disagree,Neutral,Neutral,Disagree,Disagree,Neutral,Neutral,Strongly Disagree,Strongly Disagree,Strongly Disagree,Disagree,Neutral,Neutral,Neutral,Agree,Neutral,Neutral,Somewhat Agree,Agree,Agree,Agree,Agree,Agree,Agree,Agree,Agree,Agree
17/03/2024 13:56:44,I Consent,18-24,Female,High School,Multiple times a day,"Instagram, LinkedIn","Text posts, Images, Videos, News articles, Memes",Disagree,Disagree,Agree,Disagree,Strongly Disagree,Strongly Disagree,Agree,Strongly Disagree,Strongly Disagree,Strongly Disagree,Strongly Disagree,Strongly Disagree,Disagree,Neutral,Strongly Disagree,Agree,Agree,Somewhat Agree,Agree,Strongly Agree,Strongly Agree,Somewhat Disagree,Agree,Agree,Strongly Agree,Agree,Strongly Agree
17/03/2024 14:04:34,I Consent,18-24,Male,Bachelor's Degree,Multiple times a day,Instagram,"Images, Videos, News articles",Disagree,Disagree,Disagree,Disagree,Strongly Disagree,Strongly Disagree,Strongly Disagree,Strongly Disagree,Strongly Disagree,Strongly Disagree,Strongly Disagree,Strongly Disagree,Disagree,Strongly Disagree,Neutral,Disagree,Neutral,Somewhat Agree,Disagree,Somewhat Agree,Disagree,Somewhat Agree,Somewhat Agree,Somewhat Agree,Somewhat Agree,Somewhat Agree,Somewhat Agree
17/03/2024 14:05:11,I Consent,18-24,Female,Master's Degree,Multiple times a day,"Instagram, Snapchat, YouTube","Text posts, Videos, News articles, Memes",Agree,Disagree,Disagree,Disagree,Agree,Neutral,Agree,Neutral,Disagree,Disagree,Neutral,Disagree,Strongly Agree,Disagree,Strongly Agree,Agree,Strongly Agree,Agree,Somewhat Agree,Agree,Somewhat Agree,Somewhat Disagree,Somewhat Disagree,Somewhat Disagree,Somewhat Agree,Somewhat Agree,Agree
17/03/2024 14:12:31,I Consent,18-24,Female,Bachelor's Degree,Multiple times a day,"Instagram, Pinterest","Text posts, Images, Videos, News articles",Strongly Agree,Neutral,Agree,Strongly Agree,Strongly Agree,Agree,Neutral,Neutral,Disagree,Agree,Agree,Agree,Agree,Agree,Disagree,Agree,Agree,Somewhat Agree,Strongly Agree,Strongly Agree,Agree,Somewhat Agree,Strongly Agree,Strongly Agree,Strongly Agree,Agree,Agree
17/03/2024 14:18:05,I Consent,18-24,Male,Bachelor's Degree,Multiple times a day,"Instagram, LinkedIn, Snapchat","Text posts, Images, Videos, News articles, Memes",Neutral,Neutral,Agree,Neutral,Strongly Disagree,Strongly Disagree,Strongly Disagree,Strongly Disagree,Strongly Disagree,Strongly Disagree,Strongly Disagree,Strongly Disagree,Agree,Agree,Strongly Disagree,Agree,Agree,Agree,Agree,Somewhat Agree,Somewhat Agree,Somewhat Agree,Somewhat Agree,Somewhat Agree,Strongly Agree,Strongly Agree,Strongly Agree
17/03/2024 14:24:16,I Consent,25-34,Female,Master's Degree,Multiple times a day,"Facebook, Instagram, LinkedIn, Snapchat","Images, Videos, News articles, Memes",Strongly Agree,Agree,Strongly Disagree,Neutral,Agree,Neutral,Agree,Agree,Neutral,Neutral,Disagree,Disagree,Agree,Neutral,Disagree,Agree,Agree,Agree,Agree,Agree,Somewhat Agree,Somewhat Agree,Agree,Somewhat Agree,Somewhat Agree,Somewhat Agree,Strongly Agree
17/03/2024 14:56:15,I Consent,18-24,Female,Bachelor's Degree,Multiple times a day,"Instagram, LinkedIn, Pinterest","Text posts, Images, Videos, News articles, Memes",Disagree,Strongly Disagree,Disagree,Strongly Disagree,Strongly Disagree,Strongly Disagree,Strongly Disagree,Strongly Disagree,Strongly Disagree,Strongly Disagree,Strongly Disagree,Strongly Disagree,Disagree,Disagree,Agree,Disagree,Neutral,Somewhat Agree,Somewhat Disagree,Somewhat Agree,Somewhat Agree,Somewhat Agree,Strongly Agree,Somewhat Agree,Somewhat Agree,Agree,Somewhat Agree
17/03/2024 15:39:34,I Consent,18-24,Male,Bachelor's Degree,Once a day,"Instagram, Twitter","Images, Videos, News articles, Memes",Neutral,Strongly Disagree,Neutral,Neutral,Neutral,Neutral,Agree,Neutral,Neutral,Disagree,Neutral,Disagree,Disagree,Neutral,Disagree,Agree,Strongly Agree,Somewhat Disagree,Disagree,Somewhat Disagree,Disagree,Strongly Disagree,Somewhat Agree,Somewhat Agree,Somewhat Disagree,Somewhat Agree,Somewhat Agree
17/03/2024 15:58:49,I Consent,18-24,Female,Bachelor's Degree,Multiple times a day,"Instagram, Twitter, Pinterest","Images, Videos, Memes",Agree,Disagree,Neutral,Disagree,Disagree,Neutral,Agree,Disagree,Strongly Disagree,Disagree,Disagree,Disagree,Agree,Agree,Disagree,Agree,Agree,Somewhat Agree,Somewhat Agree,Agree,Agree,Somewhat Agree,Agree,Agree,Somewhat Agree,Agree,Somewhat Agree
17/03/2024 16:02:56,I Consent,18-24,Non-binary,Bachelor's Degree,Multiple times a day,"Instagram, Pinterest","Text posts, Images, Videos, Memes",Disagree,Neutral,Agree,Disagree,Disagree,Neutral,Agree,Disagree,Strongly Disagree,Neutral,Strongly Disagree,Strongly Disagree,Neutral,Neutral,Agree,Disagree,Agree,Strongly Disagree,Somewhat Agree,Somewhat Agree,Somewhat Agree,Somewhat Agree,Somewhat Agree,Somewhat Disagree,Strongly Disagree,Strongly Disagree,Strongly Disagree
17/03/2024 16:12:20,I Consent,18-24,Non-binary,Bachelor's Degree,3-4 times a week,"Twitter, Pinterest, Reddit","Text posts, Images, Memes",Disagree,Strongly Disagree,Strongly Disagree,Strongly Disagree,Strongly Disagree,Strongly Disagree,Strongly Disagree,Strongly Disagree,Strongly Disagree,Strongly Disagree,Strongly Disagree,Strongly Disagree,Strongly Disagree,Strongly Disagree,Strongly Disagree,Neutral,Neutral,Agree,Strongly Agree,Strongly Agree,Somewhat Agree,Strongly Agree,Strongly Agree,Strongly Agree,Somewhat Agree,Somewhat Agree,Agree
17/03/2024 16:33:39,I Consent,18-24,Female,Bachelor's Degree,Multiple times a day,"Instagram, Twitter, LinkedIn","Text posts, Images, Memes, Live streams",Strongly Disagree,Strongly Disagree,Strongly Disagree,Disagree,Disagree,Disagree,Disagree,Strongly Disagree,Strongly Disagree,Strongly Disagree,Strongly Disagree,Strongly Disagree,Disagree,Strongly Disagree,Strongly Disagree,Strongly Agree,Strongly Agree,Agree,Disagree,Somewhat Agree,Somewhat Agree,Somewhat Disagree,Somewhat Disagree,Somewhat Agree,Somewhat Agree,Agree,Somewhat Disagree
17/03/2024 16:49:44,I Consent,18-24,Female,Bachelor's Degree,Multiple times a day,"Instagram, Snapchat, Pinterest","Text posts, Images, Videos, Memes",Strongly Agree,Agree,Neutral,Neutral,Disagree,Strongly Disagree,Neutral,Strongly Disagree,Strongly Disagree,Strongly Disagree,Strongly Disagree,Strongly Disagree,Strongly Disagree,Neutral,Neutral,Agree,Agree,Agree,Agree,Agree,Somewhat Agree,Strongly Agree,Agree,Agree,Strongly Agree,Strongly Agree,Strongly Agree
17/03/2024 17:20:15,I Consent,18-24,Female,High School,Multiple times a day,Instagram,"Text posts, Images, Videos, Memes",Disagree,Neutral,Neutral,Neutral,Neutral,Neutral,Neutral,Neutral,Neutral,Neutral,Neutral,Neutral,Neutral,Neutral,Neutral,Neutral,Neutral,Somewhat Agree,Agree,Agree,Agree,Somewhat Agree,Somewhat Agree,Somewhat Agree,Somewhat Agree,Somewhat Disagree,Disagree
17/03/2024 17:38:11,I Consent,25-34,Male,Bachelor's Degree,Multiple times a day,"Facebook, Reddit","Text posts, Images, News articles, Memes",Strongly Disagree,Strongly Disagree,Strongly Disagree,Strongly Disagree,Strongly Disagree,Neutral,Strongly Disagree,Neutral,Strongly Disagree,Strongly Disagree,Strongly Disagree,Strongly Disagree,Strongly Agree,Strongly Disagree,Strongly Disagree,Neutral,Strongly Agree,Agree,Agree,Agree,Agree,Agree,Agree,Somewhat Agree,Somewhat Agree,Somewhat Agree,Agree
17/03/2024 20:54:39,I Consent,35-44,Female,Master's Degree,Once a day,Reddit,"Text posts, Images, News articles",Strongly Agree,Strongly Disagree,Strongly Disagree,Strongly Disagree,Strongly Disagree,Strongly Disagree,Strongly Disagree,Strongly Disagree,Strongly Disagree,Strongly Disagree,Strongly Disagree,Strongly Disagree,Strongly Disagree,Strongly Disagree,Neutral,Neutral,Agree,Somewhat Agree,Disagree,Somewhat Agree,Somewhat Agree,Strongly Disagree,Disagree,Somewhat Agree,Agree,Disagree,Agree
17/03/2024 21:14:34,I Consent,25-34,Male,Bachelor's Degree,Multiple times a day,"Instagram, LinkedIn, Reddit","Text posts, Images, Videos, Memes",Neutral,Neutral,Disagree,Disagree,Strongly Disagree,Disagree,Strongly Disagree,Strongly Disagree,Disagree,Strongly Disagree,Strongly Disagree,Strongly Disagree,Neutral,Neutral,Neutral,Neutral,Agree,Somewhat Agree,Agree,Agree,Somewhat Agree,Agree,Agree,Somewhat Agree,Agree,Somewhat Agree,Somewhat Agree
17/03/2024 21:19:54,I Consent,18-24,Female,Master's Degree,3-4 times a week,"Instagram, LinkedIn, Snapchat","Videos, News articles",Disagree,Strongly Disagree,Disagree,Strongly Disagree,Strongly Disagree,Strongly Disagree,Strongly Disagree,Strongly Disagree,Strongly Disagree,Strongly Disagree,Strongly Disagree,Strongly Disagree,Neutral,Disagree,Neutral,Neutral,Agree,Disagree,Somewhat Disagree,Agree,Somewhat Disagree,Somewhat Agree,Somewhat Agree,Agree,Somewhat Disagree,Somewhat Agree,Somewhat Agree
17/03/2024 21:51:56,I Consent,55 and above,Male,Bachelor's Degree,Multiple times a day,"Facebook, TikTok, Reddit","Text posts, Images, Videos, News articles, Memes",Disagree,Disagree,Neutral,Agree,Agree,Agree,Neutral,Agree,Disagree,Disagree,Disagree,Disagree,Agree,Agree,Disagree,Agree,Agree,Somewhat Agree,Agree,Somewhat Agree,Somewhat Agree,Somewhat Agree,Agree,Agree,Agree,Agree,Somewhat Agree
18/03/2024 13:16:34,I Consent,18-24,Female,High School,Multiple times a day,"Instagram, Pinterest","Text posts, Images, Videos, Memes",Agree,Agree,Neutral,Agree,Neutral,Agree,Agree,Disagree,Agree,Agree,Disagree,Disagree,Neutral,Disagree,Agree,Disagree,Agree,Strongly Disagree,Somewhat Agree,Somewhat Disagree,Disagree,Somewhat Agree,Somewhat Agree,Agree,Strongly Disagree,Agree,Strongly Disagree
18/03/2024 15:07:14,I Consent,18-24,Female,Master's Degree,Multiple times a day,"Instagram, Pinterest","Text posts, Images, Videos, Memes",Agree,Agree,Agree,Agree,Strongly Disagree,Strongly Disagree,Strongly Disagree,Strongly Disagree,Strongly Disagree,Strongly Disagree,Strongly Disagree,Strongly Disagree,Strongly Agree,Strongly Agree,Strongly Agree,Strongly Agree,Strongly Agree,Somewhat Agree,Agree,Somewhat Agree,Disagree,Somewhat Agree,Agree,Strongly Agree,Strongly Agree,Strongly Agree,Somewhat Agree
18/03/2024 15:21:15,I Consent,18-24,Male,Bachelor's Degree,Multiple times a day,"Instagram, Reddit","Text posts, Images, Videos, Memes, Live streams",Disagree,Disagree,Neutral,Agree,Disagree,Strongly Disagree,Neutral,Disagree,Strongly Disagree,Strongly Disagree,Strongly Disagree,Strongly Disagree,Agree,Neutral,Disagree,Agree,Agree,Agree,Somewhat Agree,Strongly Agree,Strongly Agree,Strongly Agree,Strongly Agree,Agree,Agree,Strongly Agree,Agree
18/03/2024 15:59:06,I Consent,18-24,Male,Bachelor's Degree,Multiple times a day,"Instagram, Twitter, LinkedIn, Snapchat, Reddit","Text posts, Images, Videos, News articles, Memes",Strongly Disagree,Disagree,Strongly Disagree,Strongly Disagree,Disagree,Strongly Disagree,Disagree,Strongly Disagree,Strongly Disagree,Strongly Disagree,Strongly Disagree,Strongly Disagree,Neutral,Agree,Neutral,Neutral,Neutral,Strongly Disagree,Somewhat Agree,Somewhat Agree,Somewhat Agree,Somewhat Agree,Agree,Agree,Somewhat Agree,Somewhat Agree,Somewhat Agree
18/03/2024 16:36:01,I Consent,35-44,Female,Master's Degree,Multiple times a day,"Facebook, Instagram, Twitter, LinkedIn, Pinterest","Text posts, Videos, News articles, Live streams",Neutral,Agree,Agree,Agree,Disagree,Neutral,Neutral,Disagree,Neutral,Strongly Disagree,Disagree,Strongly Disagree,Agree,Agree,Disagree,Agree,Agree,Strongly Agree,Agree,Strongly Agree,Agree,Agree,Agree,Strongly Agree,Strongly Agree,Strongly Agree,Strongly Agree
18/03/2024 17:03:21,I Consent,18-24,Male,Bachelor's Degree,Multiple times a day,"Instagram, LinkedIn","Text posts, Videos, Memes",Strongly Disagree,Strongly Disagree,Strongly Disagree,Strongly Disagree,Strongly Disagree,Strongly Disagree,Strongly Disagree,Strongly Disagree,Strongly Disagree,Strongly Disagree,Strongly Disagree,Strongly Disagree,Neutral,Neutral,Neutral,Neutral,Neutral,Agree,Strongly Agree,Strongly Agree,Strongly Agree,Agree,Agree,Agree,Disagree,Agree,Agree
18/03/2024 18:05:22,I Consent,18-24,Male,Master's Degree,Multiple times a day,"Instagram, Twitter","Text posts, Images, Memes",Agree,Agree,Agree,Agree,Strongly Disagree,Strongly Disagree,Neutral,Neutral,Neutral,Neutral,Neutral,Neutral,Neutral,Strongly Agree,Disagree,Agree,Strongly Agree,Strongly Agree,Strongly Agree,Strongly Agree,Strongly Agree,Strongly Agree,Agree,Strongly Agree,Strongly Agree,Strongly Agree,Strongly Agree
18/03/2024 18:06:29,I Consent,18-24,Male,Master's Degree,Multiple times a day,"Instagram, LinkedIn, Snapchat, Pinterest, Reddit","Images, Videos, News articles, Memes, Live streams",Agree,Agree,Agree,Agree,Neutral,Agree,Neutral,Neutral,Disagree,Disagree,Disagree,Disagree,Neutral,Agree,Disagree,Neutral,Neutral,Strongly Agree,Strongly Agree,Agree,Agree,Strongly Agree,Strongly Agree,Strongly Agree,Strongly Agree,Strongly Agree,Strongly Agree
18/03/2024 21:41:15,I Consent,18-24,Female,Bachelor's Degree,Multiple times a day,"Instagram, LinkedIn","Text posts, Images, Videos, News articles, Memes",Disagree,Disagree,Strongly Disagree,Disagree,Disagree,Disagree,Disagree,Disagree,Strongly Disagree,Strongly Disagree,Strongly Disagree,Strongly Disagree,Neutral,Neutral,Neutral,Neutral,Neutral,Disagree,Disagree,Somewhat Agree,Agree,Somewhat Agree,Agree,Somewhat Agree,Disagree,Somewhat Agree,Strongly Disagree
19/03/2024 01:03:41,I Consent,18-24,Female,Bachelor's Degree,Multiple times a day,"Instagram, Snapchat","Text posts, Videos, News articles, Memes",Disagree,Agree,Agree,Agree,Neutral,Agree,Agree,Neutral,Neutral,Agree,Disagree,Disagree,Agree,Agree,Disagree,Agree,Agree,Agree,Agree,Agree,Agree,Somewhat Agree,Agree,Agree,Agree,Agree,Strongly Agree
19/03/2024 06:59:51,I Consent,45-54,Male,Doctoral Degree,Multiple times a day,"Facebook, Instagram, Twitter, LinkedIn","Text posts, Images, Videos, News articles, Memes",Disagree,Disagree,Disagree,Disagree,Disagree,Neutral,Neutral,Neutral,Disagree,Disagree,Disagree,Disagree,Strongly Disagree,Strongly Disagree,Agree,Disagree,Disagree,Somewhat Agree,Somewhat Agree,Somewhat Agree,Agree,Somewhat Agree,Somewhat Agree,Agree,Agree,Agree,Agree
22/03/2024 11:25:27,I Consent,25-34,Female,Bachelor's Degree,3-4 times a week,"Instagram, LinkedIn, Pinterest","Text posts, Images, News articles, other informative and free resources",Neutral,Neutral,Agree,Disagree,Strongly Disagree,Neutral,Strongly Disagree,Strongly Disagree,Strongly Disagree,Strongly Disagree,Strongly Disagree,Strongly Disagree,Strongly Agree,Agree,Strongly Disagree,Agree,Strongly Agree,Strongly Agree,Somewhat Disagree,Agree,Somewhat Agree,Somewhat Disagree,Agree,Somewhat Disagree,Agree,Somewhat Disagree,Somewhat Agree
22/03/2024 11:30:20,I Consent,18-24,Male,Bachelor's Degree,Multiple times a day,"Instagram, Twitter, LinkedIn, Snapchat","Text posts, Images, Videos, News articles, Memes, Live streams",Neutral,Disagree,Strongly Disagree,Disagree,Agree,Strongly Disagree,Neutral,Disagree,Agree,Neutral,Disagree,Strongly Agree,Strongly Agree,Strongly Disagree,Disagree,Disagree,Agree,Disagree,Strongly Disagree,Somewhat Disagree,Agree,Somewhat Agree,Somewhat Agree,Somewhat Disagree,Somewhat Agree,Disagree,Disagree
22/03/2024 11:39:33,I Consent,25-34,Male,Pgdm (Finance and business analytics)and pg in data science ,Multiple times a day,"Instagram, LinkedIn","Text posts, Images, Videos, News articles, Memes, Live streams",Strongly Disagree,Neutral,Strongly Disagree,Strongly Disagree,Neutral,Strongly Disagree,Neutral,Strongly Disagree,Strongly Disagree,Strongly Disagree,Strongly Disagree,Strongly Disagree,Strongly Agree,Strongly Disagree,Strongly Disagree,Strongly Agree,Strongly Agree,Agree,Somewhat Agree,Agree,Agree,Strongly Disagree,Agree,Agree,Strongly Agree,Strongly Agree,Strongly Agree
22/03/2024 11:49:10,I Consent,18-24,Male,Master's Degree,Multiple times a day,"Facebook, Instagram, Twitter, LinkedIn, Snapchat","Text posts, Images, Videos, News articles",Agree,Agree,Agree,Neutral,Neutral,Neutral,Disagree,Disagree,Disagree,Disagree,Disagree,Disagree,Agree,Agree,Neutral,Neutral,Neutral,Agree,Somewhat Agree,Somewhat Agree,Somewhat Agree,Somewhat Agree,Somewhat Agree,Somewhat Agree,Somewhat Agree,Somewhat Agree,Strongly Agree
22/03/2024 12:05:43,I Consent,25-34,Female,Master's Degree,Multiple times a day,"Instagram, LinkedIn, Snapchat, Pinterest","Text posts, Images, Videos, News articles",Neutral,Disagree,Agree,Disagree,Disagree,Disagree,Neutral,Disagree,Disagree,Disagree,Disagree,Disagree,Agree,Agree,Strongly Disagree,Neutral,Agree,Somewhat Agree,Somewhat Disagree,Somewhat Agree,Agree,Somewhat Agree,Agree,Somewhat Disagree,Agree,Agree,Strongly Agree
22/03/2024 13:11:02,I Consent,25-34,Female,Master's Degree,Multiple times a day,Instagram,Videos,Agree,Neutral,Agree,Strongly Disagree,Strongly Disagree,Disagree,Strongly Agree,Disagree,Disagree,Strongly Disagree,Strongly Disagree,Strongly Disagree,Agree,Strongly Agree,Strongly Disagree,Agree,Agree,Agree,Agree,Strongly Agree,Strongly Agree,Strongly Disagree,Strongly Agree,Strongly Agree,Strongly Agree,Strongly Agree,Strongly Agree
22/03/2024 15:14:45,I Consent,35-44,Male,Master's Degree,Multiple times a day,"Instagram, Twitter","Text posts, Images, Videos, News articles, Memes",Strongly Disagree,Strongly Disagree,Strongly Disagree,Strongly Disagree,Strongly Disagree,Strongly Disagree,Strongly Disagree,Strongly Disagree,Strongly Disagree,Strongly Disagree,Strongly Disagree,Strongly Disagree,Agree,Strongly Agree,Strongly Disagree,Strongly Agree,Strongly Agree,Strongly Agree,Strongly Agree,Somewhat Agree,Somewhat Agree,Agree,Agree,Agree,Agree,Somewhat Agree,Somewhat Agree
23/03/2024 14:12:40,I Consent,18-24,Male,Bachelor's Degree,Once a day,"Instagram, Snapchat","Text posts, Images, Videos, News articles, Memes",Neutral,Agree,Strongly Agree,Neutral,Disagree,Neutral,Agree,Disagree,Neutral,Disagree,Disagree,Disagree,Agree,Agree,Disagree,Agree,Agree,Somewhat Agree,Somewhat Agree,Agree,Somewhat Agree,Somewhat Agree,Somewhat Agree,Somewhat Agree,Somewhat Agree,Somewhat Agree,Agree
23/03/2024 14:22:34,I Consent,18-24,Male,Bachelor's Degree,Multiple times a day,"Instagram, Twitter, LinkedIn, Reddit","Text posts, Images, Videos, News articles, Memes",Neutral,Disagree,Strongly Disagree,Strongly Disagree,Strongly Disagree,Strongly Disagree,Strongly Disagree,Strongly Disagree,Strongly Disagree,Strongly Disagree,Strongly Disagree,Strongly Disagree,Strongly Disagree,Strongly Disagree,Agree,Strongly Disagree,Disagree,Agree,Agree,Agree,Agree,Agree,Agree,Agree,Agree,Agree,Agree
27/03/2024 17:37:07,I Consent,25-34,Male,Master's Degree,Multiple times a day,"Facebook, Instagram, LinkedIn, WhatsApp","Text posts, Images, Videos, News articles, Memes, Live streams",Disagree,Neutral,Neutral,Neutral,Strongly Disagree,Strongly Disagree,Neutral,Strongly Disagree,Strongly Disagree,Strongly Disagree,Strongly Disagree,Strongly Disagree,Strongly Disagree,Strongly Disagree,Strongly Disagree,Strongly Disagree,Neutral,Strongly Agree,Agree,Strongly Agree,Strongly Agree,Somewhat Disagree,Agree,Agree,Strongly Agree,Strongly Agree,Strongly Agree
27/03/2024 17:40:24,I Consent,25-34,Female,Bachelor's Degree,Multiple times a day,"Instagram, LinkedIn","Text posts, Images, Videos, News articles, Memes",Neutral,Neutral,Agree,Neutral,Neutral,Disagree,Agree,Disagree,Neutral,Neutral,Neutral,Neutral,Agree,Neutral,Neutral,Neutral,Neutral,Agree,Agree,Agree,Agree,Agree,Somewhat Agree,Somewhat Agree,Somewhat Agree,Agree,Somewhat Agree
27/03/2024 17:41:40,I Consent,25-34,Male,Master's Degree,Multiple times a day,"Instagram, LinkedIn, YouTube","Videos, Reels, Shorts",Strongly Disagree,Agree,Strongly Disagree,Disagree,Disagree,Agree,Disagree,Disagree,Disagree,Disagree,Disagree,Disagree,Agree,Disagree,Agree,Disagree,Disagree,Agree,Agree,Agree,Agree,Agree,Agree,Agree,Somewhat Agree,Agree,Agree
27/03/2024 18:09:20,I Consent,25-34,Male,Bachelor's Degree,Multiple times a day,"Instagram, LinkedIn, Pinterest","Text posts, Images, Videos, News articles, Live streams",Neutral,Neutral,Agree,Agree,Neutral,Neutral,Disagree,Strongly Disagree,Neutral,Neutral,Neutral,Neutral,Neutral,Neutral,Neutral,Disagree,Disagree,Somewhat Disagree,Somewhat Agree,Agree,Strongly Agree,Strongly Agree,Strongly Agree,Agree,Strongly Agree,Agree,Strongly Agree
28/03/2024 00:02:19,I Consent,35-44,Male,Master's Degree,Multiple times a day,"WhatsApp, YouTube","Text posts, Videos",Disagree,Disagree,Disagree,Disagree,Disagree,Disagree,Disagree,Disagree,Disagree,Disagree,Disagree,Disagree,Agree,Agree,Strongly Disagree,Agree,Neutral,Somewhat Agree,Agree,Somewhat Agree,Somewhat Agree,Agree,Strongly Agree,Agree,Agree,Agree,Agree
28/03/2024 09:57:16,I Consent,25-34,Female,Master's Degree,Multiple times a day,"Facebook, Instagram, LinkedIn, Snapchat, Pinterest, Shopping websites","Text posts, Images, Videos, Memes",Strongly Disagree,Strongly Disagree,Strongly Disagree,Strongly Disagree,Strongly Disagree,Strongly Disagree,Strongly Disagree,Strongly Disagree,Strongly Disagree,Strongly Disagree,Strongly Disagree,Strongly Disagree,Strongly Disagree,Strongly Disagree,Strongly Disagree,Strongly Disagree,Strongly Disagree,Strongly Disagree,Strongly Disagree,Strongly Disagree,Strongly Disagree,Strongly Disagree,Strongly Disagree,Strongly Disagree,Strongly Disagree,Strongly Disagree,Strongly Disagree
11/4/2024 22:50,I Consent,18-24,Female,Bachelor's Degree,Multiple times a day,"Instagram, TikTok","Images, Videos, News articles, Memes",Disagree,Disagree,Disagree,Disagree,Neutral,Disagree,Neutral,Strongly Disagree,Disagree,Neutral,Disagree,Disagree,Disagree,Disagree,Disagree,Neutral,Neutral,Somewhat Agree,Somewhat Agree,Agree,Agree,Agree,Agree,Agree,Agree,Agree,Agree
